{
  "timestamp": "2025-08-26T18:27:11.134640",
  "duration": 1411.634272813797,
  "success": true,
  "stats": {
    "teams": 96,
    "players": 2727
  }
}