{
  "timestamp": "2025-08-26T17:27:30.991778",
  "duration": 489.3854374885559,
  "success": true,
  "stats": {
    "teams": 96,
    "players": 2727
  }
}